[
null,
{"id":1,"battlerName":"","characterIndex":0,"characterName":"","classId":1,"equips":[0,0,0,0,0],"faceIndex":0,"faceName":"","traits":[],"initialLevel":1,"maxLevel":99,"name":"Start","nickname":"","note":"","profile":"A girl who is into acting a bit younger then she is."},
{"id":2,"battlerName":"","characterIndex":0,"characterName":"MaleFemale","classId":1,"equips":[0,0,0,3,14],"faceIndex":0,"faceName":"","traits":[],"initialLevel":1,"maxLevel":99,"name":"ABDL Boy","nickname":"","note":"","profile":""},
{"id":3,"battlerName":"","characterIndex":1,"characterName":"MaleFemale","classId":1,"equips":[0,0,0,3,6],"faceIndex":0,"faceName":"","traits":[],"initialLevel":1,"maxLevel":99,"name":"ABDL Girl","nickname":"","note":"","profile":""},
{"id":4,"battlerName":"","characterIndex":0,"characterName":"","classId":1,"equips":[0,0,0,0,0],"faceIndex":0,"faceName":"","traits":[],"initialLevel":1,"maxLevel":99,"name":"","nickname":"","note":"","profile":""}
]