[
null,
{"id":1,"atypeId":1,"description":"","etypeId":6,"traits":[{"code":22,"dataId":1,"value":0}],"iconIndex":45,"name":"Pacifier","note":"","params":[0,0,0,0,0,0,0,0],"price":0},
{"id":2,"atypeId":0,"description":"","etypeId":2,"traits":[{"code":22,"dataId":1,"value":0}],"iconIndex":0,"name":"","note":"","params":[0,0,0,0,0,0,0,0],"price":0},
{"id":3,"atypeId":1,"description":"","etypeId":4,"traits":[{"code":22,"dataId":1,"value":0}],"iconIndex":61,"name":"Simple Clothing","note":"","params":[0,0,0,0,0,0,0,0],"price":0},
{"id":4,"atypeId":0,"description":"","etypeId":2,"traits":[{"code":22,"dataId":1,"value":0}],"iconIndex":0,"name":"","note":"","params":[0,0,0,0,0,0,0,0],"price":0},
{"id":5,"atypeId":0,"description":"","etypeId":2,"traits":[{"code":22,"dataId":1,"value":0}],"iconIndex":0,"name":"","note":"","params":[0,0,0,0,0,0,0,0],"price":0},
{"id":6,"atypeId":1,"description":"","etypeId":5,"traits":[{"code":22,"dataId":1,"value":0}],"iconIndex":76,"name":"Briefs","note":"","params":[0,0,0,0,0,0,0,0],"price":0},
{"id":7,"atypeId":1,"description":"","etypeId":5,"traits":[{"code":22,"dataId":1,"value":0}],"iconIndex":77,"name":"Wet Briefs","note":"","params":[0,0,0,0,0,0,0,0],"price":0},
{"id":8,"atypeId":1,"description":"","etypeId":5,"traits":[{"code":22,"dataId":1,"value":0}],"iconIndex":79,"name":"Messy Briefs","note":"","params":[0,0,0,0,0,0,0,0],"price":0},
{"id":9,"atypeId":1,"description":"","etypeId":5,"traits":[{"code":22,"dataId":1,"value":0}],"iconIndex":78,"name":"We/Messy Briefs","note":"","params":[0,0,0,0,0,0,0,0],"price":0},
{"id":10,"atypeId":1,"description":"","etypeId":5,"traits":[{"code":22,"dataId":1,"value":0}],"iconIndex":88,"name":"Pull-ups","note":"","params":[0,0,0,0,0,0,0,0],"price":0},
{"id":11,"atypeId":1,"description":"","etypeId":5,"traits":[{"code":22,"dataId":1,"value":0}],"iconIndex":89,"name":"Wet Pull-ups","note":"","params":[0,0,0,0,0,0,0,0],"price":0},
{"id":12,"atypeId":1,"description":"","etypeId":5,"traits":[{"code":22,"dataId":1,"value":0}],"iconIndex":91,"name":"Messy Pull-ups","note":"","params":[0,0,0,0,0,0,0,0],"price":0},
{"id":13,"atypeId":1,"description":"","etypeId":5,"traits":[{"code":22,"dataId":1,"value":0}],"iconIndex":90,"name":"Wet/Messy Pull-ups","note":"","params":[0,0,0,0,0,0,0,0],"price":0},
{"id":14,"atypeId":1,"description":"","etypeId":5,"traits":[{"code":22,"dataId":1,"value":0}],"iconIndex":72,"name":"Diaper","note":"","params":[0,0,0,0,0,0,0,0],"price":0},
{"id":15,"atypeId":1,"description":"","etypeId":5,"traits":[{"code":22,"dataId":1,"value":0}],"iconIndex":73,"name":"Wet Diaper","note":"","params":[0,0,0,0,0,0,0,0],"price":0},
{"id":16,"atypeId":1,"description":"","etypeId":5,"traits":[{"code":22,"dataId":1,"value":0}],"iconIndex":75,"name":"Messy Diaper","note":"","params":[0,0,0,0,0,0,0,0],"price":0},
{"id":17,"atypeId":1,"description":"","etypeId":5,"traits":[{"code":22,"dataId":1,"value":0}],"iconIndex":74,"name":"Wet/Messy Diaper","note":"","params":[0,0,0,0,0,0,0,0],"price":0},
{"id":18,"atypeId":1,"description":"","etypeId":5,"traits":[{"code":22,"dataId":1,"value":0}],"iconIndex":36,"name":"Panties","note":"","params":[0,0,0,0,0,0,0,0],"price":0},
{"id":19,"atypeId":1,"description":"","etypeId":5,"traits":[{"code":22,"dataId":1,"value":0}],"iconIndex":37,"name":"Wet Panties","note":"","params":[0,0,0,0,0,0,0,0],"price":0},
{"id":20,"atypeId":1,"description":"","etypeId":5,"traits":[{"code":22,"dataId":1,"value":0}],"iconIndex":39,"name":"Messy Panties","note":"","params":[0,0,0,0,0,0,0,0],"price":0},
{"id":21,"atypeId":1,"description":"","etypeId":5,"traits":[{"code":22,"dataId":1,"value":0}],"iconIndex":38,"name":"We/Messy Panties","note":"","params":[0,0,0,0,0,0,0,0],"price":0},
{"id":22,"atypeId":1,"description":"","etypeId":5,"traits":[{"code":22,"dataId":1,"value":0}],"iconIndex":48,"name":"Pull-ups","note":"","params":[0,0,0,0,0,0,0,0],"price":0},
{"id":23,"atypeId":1,"description":"","etypeId":5,"traits":[{"code":22,"dataId":1,"value":0}],"iconIndex":49,"name":"Wet Pull-ups","note":"","params":[0,0,0,0,0,0,0,0],"price":0},
{"id":24,"atypeId":1,"description":"","etypeId":5,"traits":[{"code":22,"dataId":1,"value":0}],"iconIndex":51,"name":"Messy Pull-ups","note":"","params":[0,0,0,0,0,0,0,0],"price":0},
{"id":25,"atypeId":1,"description":"","etypeId":5,"traits":[{"code":22,"dataId":1,"value":0}],"iconIndex":50,"name":"Wet/Messy Pull-ups","note":"","params":[0,0,0,0,0,0,0,0],"price":0},
{"id":26,"atypeId":1,"description":"","etypeId":5,"traits":[{"code":22,"dataId":1,"value":0}],"iconIndex":32,"name":"Diaper","note":"","params":[0,0,0,0,0,0,0,0],"price":0},
{"id":27,"atypeId":1,"description":"","etypeId":5,"traits":[{"code":22,"dataId":1,"value":0}],"iconIndex":33,"name":"Wet Diaper","note":"","params":[0,0,0,0,0,0,0,0],"price":0},
{"id":28,"atypeId":1,"description":"","etypeId":5,"traits":[{"code":22,"dataId":1,"value":0}],"iconIndex":35,"name":"Messy Diaper","note":"","params":[0,0,0,0,0,0,0,0],"price":0},
{"id":29,"atypeId":1,"description":"","etypeId":5,"traits":[{"code":22,"dataId":1,"value":0}],"iconIndex":34,"name":"Wet/Messy Diaper","note":"","params":[0,0,0,0,0,0,0,0],"price":0},
{"id":30,"atypeId":1,"description":"","etypeId":5,"traits":[{"code":22,"dataId":1,"value":0}],"iconIndex":68,"name":"Undies","note":"","params":[0,0,0,0,0,0,0,0],"price":0},
{"id":31,"atypeId":1,"description":"","etypeId":5,"traits":[{"code":22,"dataId":1,"value":0}],"iconIndex":69,"name":"Wet Undies","note":"","params":[0,0,0,0,0,0,0,0],"price":0},
{"id":32,"atypeId":1,"description":"","etypeId":5,"traits":[{"code":22,"dataId":1,"value":0}],"iconIndex":71,"name":"Messy Undies","note":"","params":[0,0,0,0,0,0,0,0],"price":0},
{"id":33,"atypeId":1,"description":"","etypeId":5,"traits":[{"code":22,"dataId":1,"value":0}],"iconIndex":70,"name":"We/Messy Undies","note":"","params":[0,0,0,0,0,0,0,0],"price":0},
{"id":34,"atypeId":1,"description":"","etypeId":5,"traits":[{"code":22,"dataId":1,"value":0}],"iconIndex":80,"name":"Pull-ups","note":"","params":[0,0,0,0,0,0,0,0],"price":0},
{"id":35,"atypeId":1,"description":"","etypeId":5,"traits":[{"code":22,"dataId":1,"value":0}],"iconIndex":81,"name":"Wet Pull-ups","note":"","params":[0,0,0,0,0,0,0,0],"price":0},
{"id":36,"atypeId":1,"description":"","etypeId":5,"traits":[{"code":22,"dataId":1,"value":0}],"iconIndex":83,"name":"Messy Pull-ups","note":"","params":[0,0,0,0,0,0,0,0],"price":0},
{"id":37,"atypeId":1,"description":"","etypeId":5,"traits":[{"code":22,"dataId":1,"value":0}],"iconIndex":82,"name":"Wet/Messy Pull-ups","note":"","params":[0,0,0,0,0,0,0,0],"price":0},
{"id":38,"atypeId":1,"description":"","etypeId":5,"traits":[{"code":22,"dataId":1,"value":0}],"iconIndex":64,"name":"Diaper","note":"","params":[0,0,0,0,0,0,0,0],"price":0},
{"id":39,"atypeId":1,"description":"","etypeId":5,"traits":[{"code":22,"dataId":1,"value":0}],"iconIndex":65,"name":"Wet Diaper","note":"","params":[0,0,0,0,0,0,0,0],"price":0},
{"id":40,"atypeId":1,"description":"","etypeId":5,"traits":[{"code":22,"dataId":1,"value":0}],"iconIndex":67,"name":"Messy Diaper","note":"","params":[0,0,0,0,0,0,0,0],"price":0},
{"id":41,"atypeId":1,"description":"","etypeId":5,"traits":[{"code":22,"dataId":1,"value":0}],"iconIndex":66,"name":"Wet/Messy Diaper","note":"","params":[0,0,0,0,0,0,0,0],"price":0}
]