[
null,
{"id":1,"list":[{"code":108,"indent":0,"parameters":["Potty Training Skill-"]},{"code":408,"indent":0,"parameters":["Need Wet-"]},{"code":408,"indent":0,"parameters":["Need Mess-"]},{"code":408,"indent":0,"parameters":["Current Wet-"]},{"code":408,"indent":0,"parameters":["Current Mess-"]},{"code":408,"indent":0,"parameters":["Underwear Type-"]},{"code":108,"indent":0,"parameters":["Underwear Type:"]},{"code":408,"indent":0,"parameters":["1 - 4 Panties/Boxers (Clean, Wet, Messy, Wet/Messy)"]},{"code":408,"indent":0,"parameters":["5 - 8 Pull-ups (Clean, Wet, Messy, Wet/Messy)"]},{"code":408,"indent":0,"parameters":["9 - 12 Diapers (Clean, Wet, Messy, Wet/Messy)"]},{"code":0,"indent":0,"parameters":[]}],"name":"Variables","switchId":1,"trigger":0},
{"id":2,"list":[{"code":108,"indent":0,"parameters":["Below is a method for displaying player name, "]},{"code":408,"indent":0,"parameters":["along with picture dynamically."]},{"code":111,"indent":0,"parameters":[0,1,0]},{"code":101,"indent":1,"parameters":["",0,0,2]},{"code":401,"indent":1,"parameters":["\\n<\\P[1]> \\af[2]"]},{"code":401,"indent":1,"parameters":["\\P[1] Test"]},{"code":401,"indent":1,"parameters":["You have 0 \\G "]},{"code":0,"indent":1,"parameters":[]},{"code":411,"indent":0,"parameters":[]},{"code":101,"indent":1,"parameters":["",0,0,2]},{"code":401,"indent":1,"parameters":["\\n<\\P[1]> \\af[3]"]},{"code":401,"indent":1,"parameters":["\\P[1] Test"]},{"code":401,"indent":1,"parameters":["You have 0 \\G "]},{"code":0,"indent":1,"parameters":[]},{"code":412,"indent":0,"parameters":[]},{"code":0,"indent":0,"parameters":[]}],"name":"Potty Settings","switchId":1,"trigger":0},
{"id":3,"list":[{"code":108,"indent":0,"parameters":["You can start and stop the timer with:"]},{"code":408,"indent":0,"parameters":[""]},{"code":408,"indent":0,"parameters":["OrangeTimeSystem.paused = true;"]},{"code":408,"indent":0,"parameters":["OrangeTimeSystem.paused = false;"]},{"code":108,"indent":0,"parameters":["It is currently set to call this event every 20 seconds"]},{"code":408,"indent":0,"parameters":["when active. You can modify this by going to the plugin "]},{"code":408,"indent":0,"parameters":["manager and changing the MinuteAmount in the "]},{"code":408,"indent":0,"parameters":["OrangeTimePlugin. The plugin is a little wonky and ingame"]},{"code":408,"indent":0,"parameters":["minutes and seconds don't seem to correspond to real time"]},{"code":408,"indent":0,"parameters":["very well."]},{"code":111,"indent":0,"parameters":[1,20,0,19,0]},{"code":111,"indent":1,"parameters":[0,1,0]},{"code":108,"indent":2,"parameters":["This is the building need to go the bathroom. When "]},{"code":408,"indent":2,"parameters":["the timer goes off, this randomly adds between "]},{"code":408,"indent":2,"parameters":["1 and 5 points to NeedWet/NeedMess."]},{"code":122,"indent":2,"parameters":[2,2,1,2,1,5]},{"code":122,"indent":2,"parameters":[3,3,1,2,1,5]},{"code":111,"indent":2,"parameters":[1,2,0,35,1]},{"code":108,"indent":3,"parameters":["This is the first potty check, at 35NeedWet it will"]},{"code":408,"indent":3,"parameters":["check player's potty ability to see if they get a"]},{"code":408,"indent":3,"parameters":["warning or not. If PottyAbility is high enough they"]},{"code":408,"indent":3,"parameters":["get a warning they are starting to need to go. If"]},{"code":408,"indent":3,"parameters":["potty ability is low enough, then they can't tell"]},{"code":408,"indent":3,"parameters":["they need to go and get no warning."]},{"code":111,"indent":3,"parameters":[1,3,0,35,1]},{"code":108,"indent":4,"parameters":["This is inside the NeedWet Check. So its a check to see"]},{"code":408,"indent":4,"parameters":["if the player needs to Wet & Mess."]},{"code":122,"indent":4,"parameters":[7,7,0,0,3]},{"code":117,"indent":4,"parameters":[4]},{"code":0,"indent":4,"parameters":[]},{"code":411,"indent":3,"parameters":[]},{"code":108,"indent":4,"parameters":["Player would reach this if they need to Wet, but don't"]},{"code":408,"indent":4,"parameters":["need to mess."]},{"code":122,"indent":4,"parameters":[7,7,0,0,1]},{"code":117,"indent":4,"parameters":[4]},{"code":0,"indent":4,"parameters":[]},{"code":412,"indent":3,"parameters":[]},{"code":0,"indent":3,"parameters":[]},{"code":411,"indent":2,"parameters":[]},{"code":111,"indent":3,"parameters":[1,3,0,35,1]},{"code":108,"indent":4,"parameters":["This check is outside NeedWet, its to check if the player"]},{"code":408,"indent":4,"parameters":["needs to mess, but not wet."]},{"code":122,"indent":4,"parameters":[7,7,0,0,2]},{"code":117,"indent":4,"parameters":[4]},{"code":0,"indent":4,"parameters":[]},{"code":412,"indent":3,"parameters":[]},{"code":0,"indent":3,"parameters":[]},{"code":412,"indent":2,"parameters":[]},{"code":0,"indent":2,"parameters":[]},{"code":411,"indent":1,"parameters":[]},{"code":108,"indent":2,"parameters":["Female Pronouns"]},{"code":108,"indent":2,"parameters":["This is the building need to go the bathroom. When "]},{"code":408,"indent":2,"parameters":["the timer goes off, this randomly adds between "]},{"code":408,"indent":2,"parameters":["1 and 5 points to NeedWet/NeedMess."]},{"code":122,"indent":2,"parameters":[2,2,0,2,1,5]},{"code":122,"indent":2,"parameters":[3,3,0,2,1,5]},{"code":111,"indent":2,"parameters":[1,2,0,35,1]},{"code":108,"indent":3,"parameters":["This is the first potty check, at 35NeedWet it will"]},{"code":408,"indent":3,"parameters":["check player's potty ability to see if they get a"]},{"code":408,"indent":3,"parameters":["warning or not. If PottyAbility is high enough they"]},{"code":408,"indent":3,"parameters":["get a warning they are starting to need to go. If"]},{"code":408,"indent":3,"parameters":["potty ability is low enough, then they can't tell"]},{"code":408,"indent":3,"parameters":["they need to go and get no warning."]},{"code":111,"indent":3,"parameters":[1,3,0,35,1]},{"code":108,"indent":4,"parameters":["This is inside the NeedWet Check. So its a check to see"]},{"code":408,"indent":4,"parameters":["if the player needs to Wet & Mess."]},{"code":122,"indent":4,"parameters":[7,7,0,0,3]},{"code":117,"indent":4,"parameters":[5]},{"code":0,"indent":4,"parameters":[]},{"code":411,"indent":3,"parameters":[]},{"code":108,"indent":4,"parameters":["Player would reach this if they need to Wet, but don't"]},{"code":408,"indent":4,"parameters":["need to mess."]},{"code":122,"indent":4,"parameters":[7,7,0,0,1]},{"code":117,"indent":4,"parameters":[5]},{"code":0,"indent":4,"parameters":[]},{"code":412,"indent":3,"parameters":[]},{"code":0,"indent":3,"parameters":[]},{"code":411,"indent":2,"parameters":[]},{"code":111,"indent":3,"parameters":[1,3,0,35,1]},{"code":108,"indent":4,"parameters":["This check is outside NeedWet, its to check if the player"]},{"code":408,"indent":4,"parameters":["needs to mess, but not wet."]},{"code":122,"indent":4,"parameters":[7,7,0,0,2]},{"code":117,"indent":4,"parameters":[5]},{"code":0,"indent":4,"parameters":[]},{"code":412,"indent":3,"parameters":[]},{"code":0,"indent":3,"parameters":[]},{"code":412,"indent":2,"parameters":[]},{"code":0,"indent":2,"parameters":[]},{"code":412,"indent":1,"parameters":[]},{"code":122,"indent":1,"parameters":[20,20,0,0,0]},{"code":101,"indent":1,"parameters":["",0,0,2]},{"code":401,"indent":1,"parameters":["Need Wet: \\V[2]"]},{"code":401,"indent":1,"parameters":["Need Mess: \\V[3]"]},{"code":0,"indent":1,"parameters":[]},{"code":411,"indent":0,"parameters":[]},{"code":122,"indent":1,"parameters":[20,20,1,0,1]},{"code":0,"indent":1,"parameters":[]},{"code":412,"indent":0,"parameters":[]},{"code":0,"indent":0,"parameters":[]}],"name":"Potty Timer Start/Stop","switchId":1,"trigger":0},
{"id":4,"list":[{"code":111,"indent":0,"parameters":[1,2,0,100,1]},{"code":111,"indent":1,"parameters":[1,3,0,100,1]},{"code":122,"indent":2,"parameters":[3,3,0,0,100]},{"code":108,"indent":2,"parameters":["This is just to handle the possibility that a player"]},{"code":408,"indent":2,"parameters":["might get 100+ on their need. This takes any number"]},{"code":408,"indent":2,"parameters":["over 100 and rounds it back down to 100. Anything over"]},{"code":408,"indent":2,"parameters":["100 is auto-accident fail. This one is wet and mess."]},{"code":121,"indent":2,"parameters":[3,3,0]},{"code":117,"indent":2,"parameters":[8]},{"code":0,"indent":2,"parameters":[]},{"code":412,"indent":1,"parameters":[]},{"code":122,"indent":1,"parameters":[2,2,0,0,100]},{"code":121,"indent":1,"parameters":[3,3,0]},{"code":108,"indent":1,"parameters":["Just Wet fail."]},{"code":117,"indent":1,"parameters":[6]},{"code":0,"indent":1,"parameters":[]},{"code":412,"indent":0,"parameters":[]},{"code":111,"indent":0,"parameters":[1,3,0,100,1]},{"code":122,"indent":1,"parameters":[3,3,0,0,100]},{"code":121,"indent":1,"parameters":[3,3,0]},{"code":108,"indent":1,"parameters":["Just Mess fail."]},{"code":117,"indent":1,"parameters":[7]},{"code":0,"indent":1,"parameters":[]},{"code":412,"indent":0,"parameters":[]},{"code":111,"indent":0,"parameters":[1,7,0,1,0]},{"code":108,"indent":1,"parameters":["Needs to Wet"]},{"code":108,"indent":1,"parameters":["This checks how badly the player needs to go. It starts"]},{"code":408,"indent":1,"parameters":["with is their need 100? No? Then is it 75? No? Is it 50?"]},{"code":408,"indent":1,"parameters":["Etc... going until it finds out how much the player needs"]},{"code":408,"indent":1,"parameters":["to go."]},{"code":111,"indent":1,"parameters":[1,2,0,100,2]},{"code":111,"indent":2,"parameters":[1,2,0,75,2]},{"code":111,"indent":3,"parameters":[1,2,0,50,2]},{"code":111,"indent":4,"parameters":[1,2,0,35,1]},{"code":111,"indent":5,"parameters":[1,1,0,20,1]},{"code":108,"indent":6,"parameters":["This checks how good the player's potty training"]},{"code":408,"indent":6,"parameters":["is. If their potty training is too low, they can't"]},{"code":408,"indent":6,"parameters":["hold it. "]},{"code":121,"indent":6,"parameters":[3,3,1]},{"code":117,"indent":6,"parameters":[6]},{"code":0,"indent":6,"parameters":[]},{"code":411,"indent":5,"parameters":[]},{"code":121,"indent":6,"parameters":[3,3,0]},{"code":117,"indent":6,"parameters":[6]},{"code":0,"indent":6,"parameters":[]},{"code":412,"indent":5,"parameters":[]},{"code":0,"indent":5,"parameters":[]},{"code":412,"indent":4,"parameters":[]},{"code":0,"indent":4,"parameters":[]},{"code":411,"indent":3,"parameters":[]},{"code":111,"indent":4,"parameters":[1,1,0,40,1]},{"code":121,"indent":5,"parameters":[3,3,1]},{"code":117,"indent":5,"parameters":[6]},{"code":0,"indent":5,"parameters":[]},{"code":411,"indent":4,"parameters":[]},{"code":121,"indent":5,"parameters":[3,3,0]},{"code":117,"indent":5,"parameters":[6]},{"code":0,"indent":5,"parameters":[]},{"code":412,"indent":4,"parameters":[]},{"code":0,"indent":4,"parameters":[]},{"code":412,"indent":3,"parameters":[]},{"code":0,"indent":3,"parameters":[]},{"code":411,"indent":2,"parameters":[]},{"code":111,"indent":3,"parameters":[1,1,0,60,1]},{"code":121,"indent":4,"parameters":[3,3,1]},{"code":117,"indent":4,"parameters":[6]},{"code":0,"indent":4,"parameters":[]},{"code":411,"indent":3,"parameters":[]},{"code":121,"indent":4,"parameters":[3,3,0]},{"code":117,"indent":4,"parameters":[6]},{"code":0,"indent":4,"parameters":[]},{"code":412,"indent":3,"parameters":[]},{"code":0,"indent":3,"parameters":[]},{"code":412,"indent":2,"parameters":[]},{"code":0,"indent":2,"parameters":[]},{"code":411,"indent":1,"parameters":[]},{"code":111,"indent":2,"parameters":[1,1,0,80,1]},{"code":121,"indent":3,"parameters":[3,3,1]},{"code":117,"indent":3,"parameters":[6]},{"code":0,"indent":3,"parameters":[]},{"code":411,"indent":2,"parameters":[]},{"code":121,"indent":3,"parameters":[3,3,0]},{"code":117,"indent":3,"parameters":[6]},{"code":0,"indent":3,"parameters":[]},{"code":412,"indent":2,"parameters":[]},{"code":0,"indent":2,"parameters":[]},{"code":412,"indent":1,"parameters":[]},{"code":0,"indent":1,"parameters":[]},{"code":412,"indent":0,"parameters":[]},{"code":111,"indent":0,"parameters":[1,7,0,2,0]},{"code":108,"indent":1,"parameters":["Needs to Mess"]},{"code":0,"indent":1,"parameters":[]},{"code":412,"indent":0,"parameters":[]},{"code":111,"indent":0,"parameters":[1,7,0,3,0]},{"code":108,"indent":1,"parameters":["Needs to Wet&Mess"]},{"code":0,"indent":1,"parameters":[]},{"code":412,"indent":0,"parameters":[]},{"code":0,"indent":0,"parameters":[]}],"name":"Potty Timer Warning M","switchId":1,"trigger":0},
{"id":5,"list":[{"code":0,"indent":0,"parameters":[]}],"name":"Potty Timer Warning F","switchId":1,"trigger":0},
{"id":6,"list":[{"code":111,"indent":0,"parameters":[0,3,0]},{"code":111,"indent":1,"parameters":[1,2,0,100,2]},{"code":111,"indent":2,"parameters":[1,2,0,75,2]},{"code":111,"indent":3,"parameters":[1,2,0,50,2]},{"code":111,"indent":4,"parameters":[1,2,0,35,2]},{"code":108,"indent":5,"parameters":["This is the uncontrollable accident section. When it"]},{"code":408,"indent":5,"parameters":["happens the need to wet depletes and it adds to the "]},{"code":408,"indent":5,"parameters":["current wet... IE: Pee out of player and into player's"]},{"code":408,"indent":5,"parameters":["underwear."]},{"code":101,"indent":5,"parameters":["",0,0,2]},{"code":401,"indent":5,"parameters":["\\n<\\P[1]> \\af[2]"]},{"code":401,"indent":5,"parameters":["\"Oh no, I just peed a little.\""]},{"code":250,"indent":5,"parameters":[{"name":"wet","volume":90,"pitch":100,"pan":0}]},{"code":122,"indent":5,"parameters":[4,4,1,1,2]},{"code":122,"indent":5,"parameters":[2,2,0,0,0]},{"code":122,"indent":5,"parameters":[9,9,0,0,1]},{"code":117,"indent":5,"parameters":[12]},{"code":0,"indent":5,"parameters":[]},{"code":412,"indent":4,"parameters":[]},{"code":0,"indent":4,"parameters":[]},{"code":411,"indent":3,"parameters":[]},{"code":101,"indent":4,"parameters":["",0,0,2]},{"code":401,"indent":4,"parameters":["\\n<\\P[1]> \\af[2]"]},{"code":401,"indent":4,"parameters":["\"Oh no, I just wet myself.\""]},{"code":250,"indent":4,"parameters":[{"name":"wet","volume":90,"pitch":100,"pan":0}]},{"code":122,"indent":4,"parameters":[4,4,1,1,2]},{"code":122,"indent":4,"parameters":[2,2,0,0,0]},{"code":122,"indent":4,"parameters":[9,9,0,0,2]},{"code":117,"indent":4,"parameters":[12]},{"code":0,"indent":4,"parameters":[]},{"code":412,"indent":3,"parameters":[]},{"code":0,"indent":3,"parameters":[]},{"code":411,"indent":2,"parameters":[]},{"code":101,"indent":3,"parameters":["",0,0,2]},{"code":401,"indent":3,"parameters":["\\n<\\P[1]> \\af[2]"]},{"code":401,"indent":3,"parameters":["\"Oh no, I really wet myself.\""]},{"code":250,"indent":3,"parameters":[{"name":"wet","volume":90,"pitch":100,"pan":0}]},{"code":122,"indent":3,"parameters":[4,4,1,1,2]},{"code":122,"indent":3,"parameters":[2,2,0,0,0]},{"code":122,"indent":3,"parameters":[9,9,0,0,3]},{"code":117,"indent":3,"parameters":[12]},{"code":0,"indent":3,"parameters":[]},{"code":412,"indent":2,"parameters":[]},{"code":0,"indent":2,"parameters":[]},{"code":411,"indent":1,"parameters":[]},{"code":101,"indent":2,"parameters":["",0,0,2]},{"code":401,"indent":2,"parameters":["\\n<\\P[1]> \\af[2]"]},{"code":401,"indent":2,"parameters":["\"Oh no, I soaked myself.\""]},{"code":250,"indent":2,"parameters":[{"name":"wet","volume":90,"pitch":100,"pan":0}]},{"code":122,"indent":2,"parameters":[4,4,1,1,2]},{"code":122,"indent":2,"parameters":[2,2,0,0,0]},{"code":122,"indent":2,"parameters":[9,9,0,0,4]},{"code":117,"indent":2,"parameters":[12]},{"code":0,"indent":2,"parameters":[]},{"code":412,"indent":1,"parameters":[]},{"code":0,"indent":1,"parameters":[]},{"code":411,"indent":0,"parameters":[]},{"code":108,"indent":1,"parameters":["This sets up a warning message, and a chance for"]},{"code":408,"indent":1,"parameters":["a warning message not to happen."]},{"code":122,"indent":1,"parameters":[8,8,0,0,0]},{"code":122,"indent":1,"parameters":[8,8,0,2,1,100]},{"code":122,"indent":1,"parameters":[8,8,0,0,100]},{"code":101,"indent":1,"parameters":["",0,0,2]},{"code":401,"indent":1,"parameters":["Need: \\V[2]"]},{"code":111,"indent":1,"parameters":[1,2,0,75,2]},{"code":111,"indent":2,"parameters":[1,2,0,50,2]},{"code":111,"indent":3,"parameters":[1,2,0,35,2]},{"code":111,"indent":4,"parameters":[1,8,0,50,1]},{"code":101,"indent":5,"parameters":["",0,0,2]},{"code":401,"indent":5,"parameters":["\\n<\\P[1]> \\af[2]"]},{"code":401,"indent":5,"parameters":["\"I kind of need to pee.\""]},{"code":0,"indent":5,"parameters":[]},{"code":412,"indent":4,"parameters":[]},{"code":0,"indent":4,"parameters":[]},{"code":412,"indent":3,"parameters":[]},{"code":111,"indent":3,"parameters":[1,8,0,40,1]},{"code":101,"indent":4,"parameters":["",0,0,2]},{"code":401,"indent":4,"parameters":["\\n<\\P[1]> \\af[2]"]},{"code":401,"indent":4,"parameters":["\"I need to pee.\""]},{"code":0,"indent":4,"parameters":[]},{"code":412,"indent":3,"parameters":[]},{"code":0,"indent":3,"parameters":[]},{"code":411,"indent":2,"parameters":[]},{"code":111,"indent":3,"parameters":[1,8,0,30,1]},{"code":101,"indent":4,"parameters":["",0,0,2]},{"code":401,"indent":4,"parameters":["\\n<\\P[1]> \\af[2]"]},{"code":401,"indent":4,"parameters":["\"I really really have to pee.\""]},{"code":0,"indent":4,"parameters":[]},{"code":412,"indent":3,"parameters":[]},{"code":0,"indent":3,"parameters":[]},{"code":412,"indent":2,"parameters":[]},{"code":0,"indent":2,"parameters":[]},{"code":411,"indent":1,"parameters":[]},{"code":111,"indent":2,"parameters":[1,8,0,20,1]},{"code":101,"indent":3,"parameters":["",0,0,2]},{"code":401,"indent":3,"parameters":["\\n<\\P[1]> \\af[2]"]},{"code":401,"indent":3,"parameters":["\"I can barely hold my need to pee.\""]},{"code":0,"indent":3,"parameters":[]},{"code":412,"indent":2,"parameters":[]},{"code":0,"indent":2,"parameters":[]},{"code":412,"indent":1,"parameters":[]},{"code":0,"indent":1,"parameters":[]},{"code":412,"indent":0,"parameters":[]},{"code":0,"indent":0,"parameters":[]}],"name":"A/W 1 Wet M","switchId":1,"trigger":0},
{"id":7,"list":[{"code":0,"indent":0,"parameters":[]}],"name":"A/W 2 Mess M","switchId":1,"trigger":0},
{"id":8,"list":[{"code":0,"indent":0,"parameters":[]}],"name":"A/W 3 Wet/Mess M","switchId":1,"trigger":0},
{"id":9,"list":[{"code":0,"indent":0,"parameters":[]}],"name":"A/W 1 Wet F","switchId":1,"trigger":0},
{"id":10,"list":[{"code":0,"indent":0,"parameters":[]}],"name":"A/W 2 Mess F","switchId":1,"trigger":0},
{"id":11,"list":[{"code":0,"indent":0,"parameters":[]}],"name":"A/W 3 Wet/Mess F","switchId":1,"trigger":0},
{"id":12,"list":[{"code":108,"indent":0,"parameters":["Underwear Type:"]},{"code":408,"indent":0,"parameters":["1 - 4 Panties/Boxers (Clean, Wet, Messy, Wet/Messy)"]},{"code":408,"indent":0,"parameters":["5 - 8 Pull-ups (Clean, Wet, Messy, Wet/Messy)"]},{"code":408,"indent":0,"parameters":["9 - 12 Diapers (Clean, Wet, Messy, Wet/Messy)"]},{"code":111,"indent":0,"parameters":[1,7,0,1,0]},{"code":111,"indent":1,"parameters":[1,6,0,9,1]},{"code":108,"indent":2,"parameters":["Diapers"]},{"code":111,"indent":2,"parameters":[4,2,5,17]},{"code":101,"indent":3,"parameters":["",0,0,2]},{"code":401,"indent":3,"parameters":["\\P[1] wet his already wet and messy diaper."]},{"code":122,"indent":3,"parameters":[6,6,0,0,12]},{"code":0,"indent":3,"parameters":[]},{"code":412,"indent":2,"parameters":[]},{"code":111,"indent":2,"parameters":[4,2,5,15]},{"code":101,"indent":3,"parameters":["",0,0,2]},{"code":401,"indent":3,"parameters":["\\P[1] wet his diaper again."]},{"code":122,"indent":3,"parameters":[6,6,0,0,10]},{"code":0,"indent":3,"parameters":[]},{"code":412,"indent":2,"parameters":[]},{"code":111,"indent":2,"parameters":[4,2,5,16]},{"code":101,"indent":3,"parameters":["",0,0,2]},{"code":401,"indent":3,"parameters":["\\P[1] wet his already messy diaper."]},{"code":128,"indent":3,"parameters":[17,0,0,1,false]},{"code":319,"indent":3,"parameters":[2,5,17]},{"code":128,"indent":3,"parameters":[16,1,0,1,false]},{"code":122,"indent":3,"parameters":[6,6,0,0,12]},{"code":0,"indent":3,"parameters":[]},{"code":412,"indent":2,"parameters":[]},{"code":111,"indent":2,"parameters":[4,2,5,14]},{"code":101,"indent":3,"parameters":["",0,0,2]},{"code":401,"indent":3,"parameters":["\\P[1] wet his diaper."]},{"code":128,"indent":3,"parameters":[15,0,0,1,false]},{"code":319,"indent":3,"parameters":[2,5,15]},{"code":128,"indent":3,"parameters":[14,1,0,1,false]},{"code":122,"indent":3,"parameters":[6,6,0,0,10]},{"code":0,"indent":3,"parameters":[]},{"code":412,"indent":2,"parameters":[]},{"code":0,"indent":2,"parameters":[]},{"code":411,"indent":1,"parameters":[]},{"code":111,"indent":2,"parameters":[1,6,0,5,1]},{"code":108,"indent":3,"parameters":["Pull-ups"]},{"code":101,"indent":3,"parameters":["",0,0,2]},{"code":401,"indent":3,"parameters":["\\P[1] wet his pull-up."]},{"code":128,"indent":3,"parameters":[11,0,0,1,false]},{"code":0,"indent":3,"parameters":[]},{"code":411,"indent":2,"parameters":[]},{"code":111,"indent":3,"parameters":[1,6,0,1,1]},{"code":108,"indent":4,"parameters":["Underwear"]},{"code":101,"indent":4,"parameters":["",0,0,2]},{"code":401,"indent":4,"parameters":["\\P[1] wet his boxers."]},{"code":128,"indent":4,"parameters":[18,0,0,1,false]},{"code":0,"indent":4,"parameters":[]},{"code":412,"indent":3,"parameters":[]},{"code":0,"indent":3,"parameters":[]},{"code":412,"indent":2,"parameters":[]},{"code":0,"indent":2,"parameters":[]},{"code":412,"indent":1,"parameters":[]},{"code":0,"indent":1,"parameters":[]},{"code":412,"indent":0,"parameters":[]},{"code":111,"indent":0,"parameters":[1,7,0,2,0]},{"code":111,"indent":1,"parameters":[1,6,0,9,1]},{"code":108,"indent":2,"parameters":["Diapers"]},{"code":101,"indent":2,"parameters":["",0,0,2]},{"code":401,"indent":2,"parameters":["\\P[1] messed his diaper."]},{"code":0,"indent":2,"parameters":[]},{"code":411,"indent":1,"parameters":[]},{"code":111,"indent":2,"parameters":[1,6,0,5,1]},{"code":108,"indent":3,"parameters":["Pull-ups"]},{"code":101,"indent":3,"parameters":["",0,0,2]},{"code":401,"indent":3,"parameters":["\\P[1] messed his pull-up."]},{"code":0,"indent":3,"parameters":[]},{"code":411,"indent":2,"parameters":[]},{"code":111,"indent":3,"parameters":[1,6,0,1,1]},{"code":108,"indent":4,"parameters":["Underwear"]},{"code":101,"indent":4,"parameters":["",0,0,2]},{"code":401,"indent":4,"parameters":["\\P[1] messed his boxers."]},{"code":0,"indent":4,"parameters":[]},{"code":412,"indent":3,"parameters":[]},{"code":0,"indent":3,"parameters":[]},{"code":412,"indent":2,"parameters":[]},{"code":0,"indent":2,"parameters":[]},{"code":412,"indent":1,"parameters":[]},{"code":0,"indent":1,"parameters":[]},{"code":412,"indent":0,"parameters":[]},{"code":111,"indent":0,"parameters":[1,7,0,3,0]},{"code":111,"indent":1,"parameters":[1,6,0,9,1]},{"code":108,"indent":2,"parameters":["Diapers"]},{"code":101,"indent":2,"parameters":["",0,0,2]},{"code":401,"indent":2,"parameters":["\\P[1] wet and messed his diaper."]},{"code":0,"indent":2,"parameters":[]},{"code":411,"indent":1,"parameters":[]},{"code":111,"indent":2,"parameters":[1,6,0,5,1]},{"code":108,"indent":3,"parameters":["Pull-ups"]},{"code":101,"indent":3,"parameters":["",0,0,2]},{"code":401,"indent":3,"parameters":["\\P[1] wet and messed his pull-up."]},{"code":0,"indent":3,"parameters":[]},{"code":411,"indent":2,"parameters":[]},{"code":111,"indent":3,"parameters":[1,6,0,1,1]},{"code":108,"indent":4,"parameters":["Underwear"]},{"code":101,"indent":4,"parameters":["",0,0,2]},{"code":401,"indent":4,"parameters":["\\P[1] wet and messed his boxers."]},{"code":0,"indent":4,"parameters":[]},{"code":412,"indent":3,"parameters":[]},{"code":0,"indent":3,"parameters":[]},{"code":412,"indent":2,"parameters":[]},{"code":0,"indent":2,"parameters":[]},{"code":412,"indent":1,"parameters":[]},{"code":0,"indent":1,"parameters":[]},{"code":412,"indent":0,"parameters":[]},{"code":0,"indent":0,"parameters":[]}],"name":"Underwear Check M","switchId":1,"trigger":0},
{"id":13,"list":[{"code":0,"indent":0,"parameters":[]}],"name":"Underwear Check F","switchId":1,"trigger":0},
{"id":14,"list":[{"code":0,"indent":0,"parameters":[]}],"name":"","switchId":1,"trigger":0}
]