[
null,
{"id":1,"expanded":true,"name":"Character Creation","order":1,"parentId":0,"scrollX":811,"scrollY":453.5},
{"id":2,"expanded":false,"name":"FTT Nursery","order":4,"parentId":4,"scrollX":811,"scrollY":453.5},
{"id":3,"expanded":false,"name":"FTT Town","order":2,"parentId":1,"scrollX":811,"scrollY":453.5},
{"id":4,"expanded":true,"name":"FTT Hallway","order":3,"parentId":1,"scrollX":803,"scrollY":453.5},
{"id":5,"expanded":false,"name":"FTT Bathroom","order":5,"parentId":4,"scrollX":811,"scrollY":453.5}
]